id,author,created_at,updated_at,headline,summary,source,url,symbols
38569426,Zaheer Anwari,2024-05-01T22:35:07Z,2024-05-01T22:35:49Z,Nvidia's Roller Coaster Ride Through Early 2024 Sets The Stage For A Potential Market Shakeup As Investors Eye The Critical First Quarter Earnings Report,"
	Nvidia started 2024 with a strong performance, witnessing a 96% bull rally.
	Surpassing $974 might indicate further growth.
	Attention is turning towards Nvidia’s anticipated first-quarter earnings report.


",benzinga,https://www.benzinga.com/trading-ideas/24/05/38569426/nvidias-roller-coaster-ride-through-early-2024-sets-the-stage-for-a-potential-market-shakeup-as-inv,['NVDA']
38563406,Anusuya Lahiri,2024-05-01T19:44:09Z,2024-05-01T19:44:09Z,"Super Micro Updates Fiscal Guidance As Nvidia Shifts, 4 Analysts Provide Perspectives","Wedbush analyst maintains Super Micro Computer Inc with Neutral rating and raises price target from $530 to $800, citing sales momentum and concerns about margins and competition in AI server market.",benzinga,https://www.benzinga.com/news/24/05/38563406/super-micro-updates-fiscal-guidance-as-nvidia-shifts-4-analysts-provide-perspectives,"['IDGT', 'NVDA', 'SMCI', 'XMMO']"
38563400,Surbhi Jain,2024-05-01T19:43:46Z,2024-05-01T19:43:47Z,"Intel Gains Favor With Redditors Over Nvidia, AMD As 'High Uncertainty, Low Risk' Stock Play","Intel is attracting attention from Reddit&#39;s ValueInvesting community for its potential turnaround and long-term growth. With a favorable market cap compared to competitors and investments in cutting-edge technologies, investors see opportunity for substantial returns.",benzinga,https://www.benzinga.com/trading-ideas/long-ideas/24/05/38563400/intel-gains-favor-with-redditors-over-nvidia-amd-as-high-uncertainty-low-risk-stock-play,"['AMD', 'INTC', 'NVDA', 'TSM']"
38561494,Shivani Kumaresan,2024-05-01T18:16:13Z,2024-05-01T18:16:14Z,Nvidia Backed AI Start-Up CoreWeave Lands New $1.1B Funding - What's On The Cards?,"CoreWeave, a cloud-computing firm backed by NVIDIA, has secured $1.1 billion in new funding, led by Coatue, with participation from Magnetar, who led the last primary round, as well as Altimeter Capital, Fidelity Management &amp; Research Company, and Lykos Global Management.",benzinga,https://www.benzinga.com/markets/equities/24/05/38561494/nvidia-backed-ai-start-up-coreweave-lands-new-1-1b-funding-whats-on-the-cards,"['AMZN', 'MSFT', 'NVDA', 'NVDX', 'USD']"
38560566,Benzinga Insights,2024-05-01T17:35:13Z,2024-05-01T17:35:14Z,10 Information Technology Stocks With Whale Alerts In Today's Session, ,benzinga,https://www.benzinga.com/insights/options/24/05/38560566/10-information-technology-stocks-with-whale-alerts-in-todays-session,"['AAPL', 'AMD', 'FSLY', 'MRVL', 'MU', 'NVDA', 'SMCI', 'SWKS', 'TSM', 'WOLF']"
38559813,Piero Cingari,2024-05-01T17:07:02Z,2024-05-01T17:07:03Z,"US Stocks Mixed Ahead Of Fed Meeting, Chipmakers Tumble After AMD Earnings, Bitcoin Sinks: What's Driving Markets Wednesday?","Traders are treading cautiously in Wednesday’s session, seeking more clarity on the Federal Reserve’s stance with inflation reports exceeding expectations. ",benzinga,https://www.benzinga.com/markets/equities/24/05/38559813/us-stocks-mixed-ahead-of-fed-meeting-chipmakers-tumble-after-amd-earnings-bitcoin-sinks-whats-dr,"['ALB', 'ALL', 'AMD', 'AMZN', 'BTCUSD', 'BZH', 'CHRW', 'DIA', 'DVN', 'EBAY', 'EL', 'ETSY', 'FRSH', 'FSLR', 'KLIC', 'MA', 'MDLZ', 'MET', 'MGM', 'MRO', 'NCLH', 'NOVA', 'NTGR', 'NVDA', 'NYCB', 'PFE', 'PINS', 'QQQ', 'QRVO', 'SBUX', 'SIK', 'SPY', 'UPWK', 'WOLF', 'XLC', 'XLE', 'XLU', 'ZG']"
38558952,Chris Katje,2024-05-01T16:39:17Z,2024-05-01T16:39:18Z,"AMD Falls On Q1 Earnings, Q2 Guidance: Why '1,000% Growth' From AI Stock Is Not Enough For Investors","AMD raised its guidance for AI segment growth, but it wasn&#39;t enough to send shares higher after Q1 results. Analysts size up the results and guidance.",benzinga,https://www.benzinga.com/analyst-ratings/analyst-color/24/05/38558952/amd-falls-on-q1-earnings-q2-guidance-why-1-000-growth-from-ai-stock-is-not-enough-f,"['AMD', 'NVDA']"
38556060,Anusuya Lahiri,2024-05-01T15:21:22Z,2024-05-01T15:21:23Z,"After Nvidia and Apple, Alibaba Chases Vietnam: New Data Center to Boost Control and Meet Local Laws",Alibaba to build data center in Vietnam to comply with local storage law and meet demand. Other tech firms also diversifying to Vietnam.,benzinga,https://www.benzinga.com/government/24/05/38556060/after-nvidia-and-apple-alibaba-chases-vietnam-new-data-center-to-boost-control-and-meet-local-laws,"['AAPL', 'AMZN', 'BABA', 'CGRO', 'GOOG', 'GOOGL', 'LRCX', 'NVDA', 'PGJ']"
38554907,The Arora Report,2024-05-01T14:57:45Z,2024-05-01T14:59:19Z,"Super Micro Folly, Stock Market Direction Depends On Which Powell Shows Up – Objective Or Political","To gain an edge, this is what you need to know today.

",benzinga,https://www.benzinga.com/markets/24/05/38554907/super-micro-folly-stock-market-direction-depends-on-which-powell-shows-up-objective-or-political,"['AAPL', 'ADP', 'AMZN', 'BTCUSD', 'GLD', 'GOOG', 'META', 'MSFT', 'NVDA', 'QQQ', 'SLV', 'SMCI', 'SPY', 'TSLA', 'USO']"
38553582,RIPS,2024-05-01T14:23:03Z,2024-05-01T14:23:34Z,"Market Clubhouse Morning Memo - May 1st, 2024 (Trade Strategy For SPY, QQQ, AAPL, MSFT, NVDA, GOOGL, META, And TSLA)","Good Morning Traders! In today&#39;s Market Clubhouse Morning Memo, we will discuss SPY, QQQ, AAPL, MSFT, NVDA, GOOGL, META, and TSLA.",benzinga,https://www.benzinga.com/markets/24/05/38553582/market-clubhouse-morning-memo-may-1st-2024-trade-strategy-for-spy-qqq-aapl-msft-nvda-googl-meta-and,"['AAPL', 'GOOGL', 'META', 'MSFT', 'NVDA', 'QQQ', 'SPY', 'TSLA']"
38551339,Benzinga Newsdesk,2024-05-01T13:23:41Z,2024-05-01T13:23:42Z,"Top 10 Trending Stocks On WallStreetBets As Of May 1, 2024 (Via Swaggy Stocks)",,benzinga,https://www.benzinga.com/trading-ideas/24/05/38551339/top-10-trending-stocks-on-wallstreetbets-as-of-may-1-2024-via-swaggy-stocks,"['AAPL', 'AMD', 'AMZN', 'CORN', 'DJT', 'NVDA', 'SBUX', 'SMCI', 'TLRY', 'TSLA']"
38544746,Shanthi Rexaline,2024-05-01T10:44:10Z,2024-05-01T10:44:11Z,Wall Street Set To Open Lower After AMD Earnings Disappoint As Traders Look To Fed's Powell For Relief: Why This Analyst Sees Incoming Summer Rally,"A negative sentiment might linger on Wall Street on Wednesday, as evidenced by stock futures, after Advanced Micro Devices, Inc.‘s (NASDAQ:AMD) ",benzinga,https://www.benzinga.com/news/earnings/24/05/38544746/wall-street-set-to-open-lower-after-amd-earnings-disappoint-as-traders-look-to-feds-powell-for-reli,"['ALB', 'ALL', 'AMD', 'AMZN', 'BLCO', 'BTCUSD', 'BZH', 'CHRW', 'CVS', 'DD', 'DVN', 'EBAY', 'EL', 'ETSY', 'FRSH', 'FSLR', 'GRMN', 'GSK', 'KHC', 'KKR', 'KLIC', 'LOGI', 'MA', 'MET', 'MGM', 'MRO', 'NCLH', 'NOVA', 'NTGR', 'NVDA', 'PFE', 'PINS', 'QQQ', 'QRVO', 'SBUX', 'SMCI', 'SPY', 'SWKS', 'UPWK', 'WING', 'WOLF', 'YUM', 'ZG']"
38540318,Kaustubh Bagalkote,2024-05-01T03:44:21Z,2024-05-01T03:44:21Z,Nvidia's AI Leadership Challenged As AMD Claims Superior Inference Performance With MI300 Chip: 'Partners Are Seeing Very Strong Performance',Su claimed that AMD&#39;s MI300X GPUs offer better inferencing performance and significant total cost of ownership advantages compared to Nvidia&#39;s H100 GPUs.,benzinga,https://www.benzinga.com/news/earnings/24/04/38540318/nvidias-ai-leadership-challenged-as-amd-claims-superior-inference-performance-with-mi300-chip-partn,"['AMD', 'NVDA']"
